year,month,solar_gwh,avg_temperature_c,sunlight_hours,season
2021,1,873.65,5,134,Winter
2021,2,1001.24,10,148,Winter
2021,3,1726.56,10,265,Spring
2021,4,1703.05,12,217,Spring
2021,5,2438.14,16,329,Spring
2021,6,2371.51,20,329,Summer
2021,7,2668.46,23,380,Summer
2021,8,2443.39,24,354,Summer
2021,9,1967.24,20,256,Autumn
2021,10,1815.14,16,255,Autumn
2021,11,1371.82,8,193,Autumn
2021,12,1051.91,9,142,Winter
2022,1,1601.79,7,223,Winter
2022,2,1729.75,9,204,Winter
2022,3,1494.60,9,137,Spring
2022,4,2630.89,11,262,Spring
2022,5,3413.31,18,340,Spring
2022,6,3283.75,22,341,Summer
2022,7,3458.96,26,394,Summer
2022,8,3302.39,25,359,Summer
2022,9,2750.17,20,281,Autumn
2022,10,2076.17,18,213,Autumn
2022,11,1581.71,11,153,Autumn
2022,12,1166.61,10,119,Winter
2023,1,1785.74,6,168,Winter
2023,2,2196.43,7,211,Winter
2023,3,3165.89,12,273,Spring
2023,4,3853.52,15,333,Spring
2023,5,3938.06,16,296,Spring
2023,6,3936.59,21,312,Summer
2023,7,4635.57,24,389,Summer
2023,8,4537.40,25,368,Summer
2023,9,3436.73,20,265,Autumn
2023,10,2707.35,17,202,Autumn
2023,11,2069.58,12,155,Autumn
2023,12,1928.08,8,146,Winter
2024,1,1981.43,9,148,Winter
2024,2,2666.08,10,180,Winter
2024,3,3150.70,11,197,Spring
2024,4,4110.34,13,294,Spring
2024,5,5223.07,16,349,Spring
2024,6,4868.24,20,308,Summer
2024,7,5929.27,24,391,Summer
2024,8,5484.45,25,360,Summer
2024,9,4287.79,19,285,Autumn
2024,10,2876.01,16,166,Autumn
2024,11,2388.68,12,154,Autumn
2024,12,2546.37,7,185,Winter
2025,1,2376.08,8,154,Winter
2025,2,3270.75,9,177,Winter
2025,3,3177.35,9,169,Spring
2025,4,4170.11,13,249,Spring
2025,5,5024.84,16,327,Spring
2025,6,6146.84,24,337,Summer
2025,7,6399.14,24,379,Summer
2025,8,5944.45,25,344,Summer
2025,9,5130.22,20,291,Autumn
2025,10,4117.92,17,229,Autumn
2025,11,3180.52,10,171,Autumn
2025,12,2308.71,7,113,Winter
2026,1,2359.77,6,112,Winter
2026,2,2656.74,10,162,Winter
2026,3,4372.28,10,247,Spring
2026,4,5155.74,15,289,Spring
2026,5,6334.00,17,328,Spring
2026,6,7262.53,23,369,Summer
2026,7,7852.95,26,392,Summer
2026,8,7481.53,24,343,Summer
