year,month,scenario,temperature_c,forecast_solar_gwh
2026,9,no warming,19.8,5808.281191566883
2026,10,no warming,16.8,4530.542808052148
2026,11,no warming,10.6,3481.0387179365766
2026,12,no warming,8.2,2902.1799457040947
2027,1,no warming,6.833333333333333,3429.9745673832567
2027,2,no warming,9.166666666666666,4105.308264557064
2027,3,no warming,10.166666666666666,5174.85696223542
2027,4,no warming,13.166666666666666,6436.614537887315
2027,5,no warming,16.5,7876.120657104735
2027,6,no warming,21.666666666666668,8033.241447692015
2027,7,no warming,24.5,8876.646887577625
2027,8,no warming,24.666666666666668,8278.176178228694
2027,9,no warming,19.8,6566.185637652923
2027,10,no warming,16.8,5115.359922520388
2027,11,no warming,10.6,3925.6003301838045
2027,12,no warming,8.2,3268.912871535932
2028,1,no warming,6.833333333333333,3858.885473195172
2028,2,no warming,9.166666666666666,4613.373814572318
2028,3,no warming,10.166666666666666,5808.750471130106
2028,4,no warming,13.166666666666666,7217.099775222517
2028,5,no warming,16.5,8821.602372853999
2028,6,no warming,21.666666666666668,8988.033160367397
2028,7,no warming,24.5,9921.334434307168
2028,8,no warming,24.666666666666668,9242.967896734599
2028,9,no warming,19.8,7324.090083738963
2028,10,no warming,16.8,5700.177036988629
2028,11,no warming,10.6,4370.161942431032
2028,12,no warming,8.2,3635.6457973677693
2026,9,+1 °C,20.8,5808.281191566883
2026,10,+1 °C,17.8,4530.542808052148
2026,11,+1 °C,11.6,3481.0387179365766
2026,12,+1 °C,9.2,2902.1799457040947
2027,1,+1 °C,7.833333333333333,3429.9745673832567
2027,2,+1 °C,10.166666666666666,4105.308264557064
2027,3,+1 °C,11.166666666666666,5174.85696223542
2027,4,+1 °C,14.166666666666666,6436.614537887315
2027,5,+1 °C,17.5,7876.120657104735
2027,6,+1 °C,22.666666666666668,8033.241447692015
2027,7,+1 °C,25.5,8858.89359380247
2027,8,+1 °C,25.666666666666668,8256.101041753418
2027,9,+1 °C,20.8,6566.185637652923
2027,10,+1 °C,17.8,5115.359922520388
2027,11,+1 °C,11.6,3925.6003301838045
2027,12,+1 °C,9.2,3268.912871535932
2028,1,+1 °C,7.833333333333333,3858.885473195172
2028,2,+1 °C,10.166666666666666,4613.373814572318
2028,3,+1 °C,11.166666666666666,5808.750471130106
2028,4,+1 °C,14.166666666666666,7217.099775222517
2028,5,+1 °C,17.5,8821.602372853999
2028,6,+1 °C,22.666666666666668,8988.033160367397
2028,7,+1 °C,25.5,9901.491765438554
2028,8,+1 °C,25.666666666666668,9218.319982343306
2028,9,+1 °C,20.8,7324.090083738963
2028,10,+1 °C,17.8,5700.177036988629
2028,11,+1 °C,11.6,4370.161942431032
2028,12,+1 °C,9.2,3635.6457973677693
2026,9,+2 °C,21.8,5808.281191566883
2026,10,+2 °C,18.8,4530.542808052148
2026,11,+2 °C,12.6,3481.0387179365766
2026,12,+2 °C,10.2,2902.1799457040947
2027,1,+2 °C,8.833333333333332,3429.9745673832567
2027,2,+2 °C,11.166666666666666,4105.308264557064
2027,3,+2 °C,12.166666666666666,5174.85696223542
2027,4,+2 °C,15.166666666666666,6436.614537887315
2027,5,+2 °C,18.5,7876.120657104735
2027,6,+2 °C,23.666666666666668,8033.241447692015
2027,7,+2 °C,26.5,8823.387006252158
2027,8,+2 °C,26.666666666666668,8222.988337040502
2027,9,+2 °C,21.8,6566.185637652923
2027,10,+2 °C,18.8,5115.359922520388
2027,11,+2 °C,12.6,3925.6003301838045
2027,12,+2 °C,10.2,3268.912871535932
2028,1,+2 °C,8.833333333333332,3858.885473195172
2028,2,+2 °C,11.166666666666666,4613.373814572318
2028,3,+2 °C,12.166666666666666,5808.750471130106
2028,4,+2 °C,15.166666666666666,7217.099775222517
2028,5,+2 °C,18.5,8821.602372853999
2028,6,+2 °C,23.666666666666668,8988.033160367397
2028,7,+2 °C,26.5,9861.806427701325
2028,8,+2 °C,26.666666666666668,9181.348110756368
2028,9,+2 °C,21.8,7324.090083738963
2028,10,+2 °C,18.8,5700.177036988629
2028,11,+2 °C,12.6,4370.161942431032
2028,12,+2 °C,10.2,3635.6457973677693
2026,9,+3 °C,22.8,5808.281191566883
2026,10,+3 °C,19.8,4530.542808052148
2026,11,+3 °C,13.6,3481.0387179365766
2026,12,+3 °C,11.2,2902.1799457040947
2027,1,+3 °C,9.833333333333332,3429.9745673832567
2027,2,+3 °C,12.166666666666666,4105.308264557064
2027,3,+3 °C,13.166666666666666,5174.85696223542
2027,4,+3 °C,16.166666666666664,6436.614537887315
2027,5,+3 °C,19.5,7876.120657104735
2027,6,+3 °C,24.666666666666668,8033.241447692015
2027,7,+3 °C,27.5,8787.880418701849
2027,8,+3 °C,27.666666666666668,8189.8756323275875
2027,9,+3 °C,22.8,6566.185637652923
2027,10,+3 °C,19.8,5115.359922520388
2027,11,+3 °C,13.6,3925.6003301838045
2027,12,+3 °C,11.2,3268.912871535932
2028,1,+3 °C,9.833333333333332,3858.885473195172
2028,2,+3 °C,12.166666666666666,4613.373814572318
2028,3,+3 °C,13.166666666666666,5808.750471130106
2028,4,+3 °C,16.166666666666664,7217.099775222517
2028,5,+3 °C,19.5,8821.602372853999
2028,6,+3 °C,24.666666666666668,8988.033160367397
2028,7,+3 °C,27.5,9822.121089964096
2028,8,+3 °C,27.666666666666668,9144.376239169429
2028,9,+3 °C,22.8,7324.090083738963
2028,10,+3 °C,19.8,5700.177036988629
2028,11,+3 °C,13.6,4370.161942431032
2028,12,+3 °C,11.2,3635.6457973677693
